{"Q-bus-15":{"4":{"bernstein-vazirani-60":{"shuttlingCounting":23.0,"noOfPhonons":{"Core4":13.611110322420119,"Core1":6.397586411237716,"Core6":0.0,"BusDetector":0.0,"Core2":4.854142761230468,"Core3":8.946402161696005,"Core5":0.0,"BusStore":0.0},"executionTime":10635.800000000001}},"1":{"bernstein-vazirani-60":{"shuttlingCounting":23.0,"noOfPhonons":{"Core4":13.611110322420119,"Core1":6.397586411237716,"Core6":0.0,"BusDetector":0.0,"Core2":4.854142761230468,"Core3":8.946402161696005,"Core5":0.0,"BusStore":0.0},"executionTime":33129.799999999996}},"2":{"bernstein-vazirani-60":{"shuttlingCounting":23.0,"noOfPhonons":{"Core4":13.611110322420119,"Core1":6.397586411237716,"Core6":0.0,"BusDetector":0.0,"Core2":4.854142761230468,"Core3":8.946402161696005,"Core5":0.0,"BusStore":0.0},"executionTime":25355.8}},"3":{"bernstein-vazirani-60":{"shuttlingCounting":23.0,"noOfPhonons":{"Core4":13.611110322420119,"Core1":6.397586411237716,"Core6":0.0,"BusDetector":0.0,"Core2":4.854142761230468,"Core3":8.946402161696005,"Core5":0.0,"BusStore":0.0},"executionTime":18409.8}}},


"Q-bus-30":{"4":{"bernstein-vazirani-60":{"shuttlingCounting":12.0,"noOfPhonons":{"Core4":0.0,"Core1":11.092517009836358,"Core6":0.0,"BusDetector":0.0,"Core2":11.092517009836358,"Core3":0.0,"Core5":0.0,"BusStore":0.0},"executionTime":6153.8}},"1":{"bernstein-vazirani-60":{"shuttlingCounting":12.0,"noOfPhonons":{"Core4":0.0,"Core1":11.092517009836358,"Core6":0.0,"BusDetector":0.0,"Core2":11.092517009836358,"Core3":0.0,"Core5":0.0,"BusStore":0.0},"executionTime":17890.8}},"2":{"bernstein-vazirani-60":{"shuttlingCounting":12.0,"noOfPhonons":{"Core4":0.0,"Core1":11.092517009836358,"Core6":0.0,"BusDetector":0.0,"Core2":11.092517009836358,"Core3":0.0,"Core5":0.0,"BusStore":0.0},"executionTime":13834.800000000001}},"3":{"bernstein-vazirani-60":{"shuttlingCounting":12.0,"noOfPhonons":{"Core4":0.0,"Core1":11.092517009836358,"Core6":0.0,"BusDetector":0.0,"Core2":11.092517009836358,"Core3":0.0,"Core5":0.0,"BusStore":0.0},"executionTime":10209.800000000001}}},


"Q-bus-10":{"4":{"bernstein-vazirani-60":{"shuttlingCounting":24.0,"noOfPhonons":{"Core4":5.269865446349293,"Core1":3.8355371900826447,"Core6":10.871540264263276,"BusDetector":0.0,"Core2":4.586851990984223,"Core3":3.0090909090909093,"Core5":5.269865446349293,"BusStore":0.0},"executionTime":11042.800000000001}},"1":{"bernstein-vazirani-60":{"shuttlingCounting":24.0,"noOfPhonons":{"Core4":5.269865446349293,"Core1":3.8355371900826447,"Core6":10.871540264263276,"BusDetector":0.0,"Core2":4.586851990984223,"Core3":3.0090909090909093,"Core5":5.269865446349293,"BusStore":0.0},"executionTime":34514.799999999996}},"2":{"bernstein-vazirani-60":{"shuttlingCounting":24.0,"noOfPhonons":{"Core4":5.269865446349293,"Core1":3.8355371900826447,"Core6":10.871540264263276,"BusDetector":0.0,"Core2":4.586851990984223,"Core3":3.0090909090909093,"Core5":5.269865446349293,"BusStore":0.0},"executionTime":26402.8}},"3":{"bernstein-vazirani-60":{"shuttlingCounting":24.0,"noOfPhonons":{"Core4":5.269865446349293,"Core1":3.8355371900826447,"Core6":10.871540264263276,"BusDetector":0.0,"Core2":4.586851990984223,"Core3":3.0090909090909093,"Core5":5.269865446349293,"BusStore":0.0},"executionTime":19154.8}}},


"Q-bus-20":{"4":{"bernstein-vazirani-60":{"shuttlingCounting":18.0,"noOfPhonons":{"Core4":0.0,"Core1":8.209534035368883,"Core6":0.0,"BusDetector":0.0,"Core2":8.209534035368883,"Core3":13.501472872561134,"Core5":0.0,"BusStore":0.0},"executionTime":8598.8}},"1":{"bernstein-vazirani-60":{"shuttlingCounting":18.0,"noOfPhonons":{"Core4":0.0,"Core1":8.209534035368883,"Core6":0.0,"BusDetector":0.0,"Core2":8.209534035368883,"Core3":13.501472872561134,"Core5":0.0,"BusStore":0.0},"executionTime":26202.8}},"2":{"bernstein-vazirani-60":{"shuttlingCounting":18.0,"noOfPhonons":{"Core4":0.0,"Core1":8.209534035368883,"Core6":0.0,"BusDetector":0.0,"Core2":8.209534035368883,"Core3":13.501472872561134,"Core5":0.0,"BusStore":0.0},"executionTime":20118.8}},"3":{"bernstein-vazirani-60":{"shuttlingCounting":18.0,"noOfPhonons":{"Core4":0.0,"Core1":8.209534035368883,"Core6":0.0,"BusDetector":0.0,"Core2":8.209534035368883,"Core3":13.501472872561134,"Core5":0.0,"BusStore":0.0},"executionTime":14682.800000000001}}}}