{"Q-bus-15":

{"4":{"rcs-60":{"shuttlingCounting":30.0,"noOfPhonons":{"Core4":8.369495639142405,"Core1":8.369495639142405,"Core6":0.0,"BusDetector":0.0,"Core2":6.6755468922088905,"Core3":6.6755468922088905,"Core5":0.0,"BusStore":0.0},"executionTime":4524.8}},

"1":{"rcs-60":{"shuttlingCounting":30.0,"noOfPhonons":{"Core4":8.369495639142405,"Core1":8.369495639142405,"Core6":0.0,"BusDetector":0.0,"Core2":6.6755468922088905,"Core3":6.6755468922088905,"Core5":0.0,"BusStore":0.0},"executionTime":14304.800000000001}},

"2":{"rcs-60":{"shuttlingCounting":30.0,"noOfPhonons":{"Core4":8.369495639142405,"Core1":8.369495639142405,"Core6":0.0,"BusDetector":0.0,"Core2":6.6755468922088905,"Core3":6.6755468922088905,"Core5":0.0,"BusStore":0.0},"executionTime":10924.800000000001}},

"3":{"rcs-60":{"shuttlingCounting":30.0,"noOfPhonons":{"Core4":8.369495639142405,"Core1":8.369495639142405,"Core6":0.0,"BusDetector":0.0,"Core2":6.6755468922088905,"Core3":6.6755468922088905,"Core5":0.0,"BusStore":0.0},"executionTime":7904.8}}},


"Q-bus-30":{"4":{"rcs-60":{"shuttlingCounting":10.0,"noOfPhonons":{"Core4":0.0,"Core1":9.533120940503046,"Core6":0.0,"BusDetector":0.0,"Core2":9.533120940503046,"Core3":0.0,"Core5":0.0,"BusStore":0.0},"executionTime":4479.8}},"1":{"rcs-60":{"shuttlingCounting":10.0,"noOfPhonons":{"Core4":0.0,"Core1":9.533120940503046,"Core6":0.0,"BusDetector":0.0,"Core2":9.533120940503046,"Core3":0.0,"Core5":0.0,"BusStore":0.0},"executionTime":14259.800000000001}},"2":{"rcs-60":{"shuttlingCounting":10.0,"noOfPhonons":{"Core4":0.0,"Core1":9.533120940503046,"Core6":0.0,"BusDetector":0.0,"Core2":9.533120940503046,"Core3":0.0,"Core5":0.0,"BusStore":0.0},"executionTime":10879.800000000001}},"3":{"rcs-60":{"shuttlingCounting":10.0,"noOfPhonons":{"Core4":0.0,"Core1":9.533120940503046,"Core6":0.0,"BusDetector":0.0,"Core2":9.533120940503046,"Core3":0.0,"Core5":0.0,"BusStore":0.0},"executionTime":7859.8}}},


"Q-bus-10":{"4":{"rcs-60":{"shuttlingCounting":50.0,"noOfPhonons":{"Core4":5.534063152927018,"Core1":7.4349261979026675,"Core6":7.4349261979026675,"BusDetector":0.0,"Core2":5.534063152927018,"Core3":5.534063152927018,"Core5":5.534063152927018,"BusStore":0.0},"executionTime":4479.8}},"1":{"rcs-60":{"shuttlingCounting":50.0,"noOfPhonons":{"Core4":5.534063152927018,"Core1":7.4349261979026675,"Core6":7.4349261979026675,"BusDetector":0.0,"Core2":5.534063152927018,"Core3":5.534063152927018,"Core5":5.534063152927018,"BusStore":0.0},"executionTime":14259.800000000001}},"2":{"rcs-60":{"shuttlingCounting":50.0,"noOfPhonons":{"Core4":5.534063152927018,"Core1":7.4349261979026675,"Core6":7.4349261979026675,"BusDetector":0.0,"Core2":5.534063152927018,"Core3":5.534063152927018,"Core5":5.534063152927018,"BusStore":0.0},"executionTime":10879.800000000001}},"3":{"rcs-60":{"shuttlingCounting":50.0,"noOfPhonons":{"Core4":5.534063152927018,"Core1":7.4349261979026675,"Core6":7.4349261979026675,"BusDetector":0.0,"Core2":5.534063152927018,"Core3":5.534063152927018,"Core5":5.534063152927018,"BusStore":0.0},"executionTime":7859.8}}},


"Q-bus-20":{"4":{"rcs-60":{"shuttlingCounting":20.0,"noOfPhonons":{"Core4":0.0,"Core1":8.918603843208459,"Core6":0.0,"BusDetector":0.0,"Core2":7.4349261979026675,"Core3":8.918603843208459,"Core5":0.0,"BusStore":0.0},"executionTime":4479.8}},"1":{"rcs-60":{"shuttlingCounting":20.0,"noOfPhonons":{"Core4":0.0,"Core1":8.918603843208459,"Core6":0.0,"BusDetector":0.0,"Core2":7.4349261979026675,"Core3":8.918603843208459,"Core5":0.0,"BusStore":0.0},"executionTime":14259.800000000001}},"2":{"rcs-60":{"shuttlingCounting":20.0,"noOfPhonons":{"Core4":0.0,"Core1":8.918603843208459,"Core6":0.0,"BusDetector":0.0,"Core2":7.4349261979026675,"Core3":8.918603843208459,"Core5":0.0,"BusStore":0.0},"executionTime":10879.800000000001}},"3":{"rcs-60":{"shuttlingCounting":20.0,"noOfPhonons":{"Core4":0.0,"Core1":8.918603843208459,"Core6":0.0,"BusDetector":0.0,"Core2":7.4349261979026675,"Core3":8.918603843208459,"Core5":0.0,"BusStore":0.0},"executionTime":7859.8}}}}