{"rcs9":{"comb9":{"shuttlingCounting":146,"noOfPhonons":{"Core4":109.05278141168348,"Core1":86.91855967065923,"Core6":150.54007064859331,"Core2":83.77368399439162,"Core7":147.3654625831131,"Core3":113.29141808404435,"Core8":122.56937154462413,"Core9":55.42127592009642,"Core5":118.02737614279437},"executionTime":37163.84615384617}}}