{"qft3":{"comb3":{"shuttlingCounting":447,"noOfPhonons":{"Core1":778.4068709777719,"Core2":804.0467130589484,"Core3":1484.266415963283},"executionTime":335267.7410256412},"single-core":{"shuttlingCounting":0.0,"noOfPhonons":{"Core4":0.0,"Core1":0.0,"Core6":0.0,"BusDetector":0.0,"Core2":0.0,"Core3":0.0,"Core5":0.0,"BusStore":0.0},"executionTime":4810.0},"bus3":{"shuttlingCounting":1220.0,"noOfPhonons":{"Core1":53.57699433889601,"BusDetector":0.0,"Core2":54.15959554830398,"Core3":53.57699433889601,"BusStore":0.0},"executionTime":36486.9}},"qft6":{"comb6":{"shuttlingCounting":1346,"noOfPhonons":{"Core4":2084.2116744704176,"Core1":1099.9210935010376,"Core6":1118.73479536974,"Core2":2190.3628236814575,"Core3":1234.3600996506332,"Core5":1632.7695133267111},"executionTime":612955.9974358961},"bus6":{"shuttlingCounting":6060.0,"noOfPhonons":{"Core4":54.15954870104675,"Core1":53.605199467086955,"Core6":53.605199467086955,"BusDetector":0.0,"Core2":64.46607786344308,"Core3":64.46607786344308,"Core5":54.159572124660656,"BusStore":0.0},"executionTime":90822.8},"single-core":{"shuttlingCounting":0.0,"noOfPhonons":{"Core4":0.0,"Core1":0.0,"Core6":0.0,"BusDetector":0.0,"Core2":0.0,"Core3":0.0,"Core5":0.0,"BusStore":0.0},"executionTime":9610.0}},"qft5":{"bus5":{"shuttlingCounting":4040.0,"noOfPhonons":{"Core4":54.159572124660656,"Core1":53.605199467086955,"BusDetector":0.0,"Core2":64.46607786344308,"Core3":54.15954870106909,"Core5":53.605199467086955,"BusStore":0.0},"executionTime":72502.5},"single-core":{"shuttlingCounting":0.0,"noOfPhonons":{"Core4":0.0,"Core1":0.0,"Core6":0.0,"BusDetector":0.0,"Core2":0.0,"Core3":0.0,"Core5":0.0,"BusStore":0.0},"executionTime":8010.0},"comb5":{"shuttlingCounting":1059,"noOfPhonons":{"Core4":1269.7506953681457,"Core1":1370.0608416600203,"Core2":1432.3784817897417,"Core3":2135.953093749324,"Core5":1137.296887432773},"executionTime":477758.5871794874}},"qft2":{"comb2":{"shuttlingCounting":178,"noOfPhonons":{"Core1":828.2922652760365,"Core2":374.9877347239639},"executionTime":188023.71794871936},"single-core":{"shuttlingCounting":0.0,"noOfPhonons":{"Core4":0.0,"Core1":0.0,"Core6":0.0,"BusDetector":0.0,"Core2":0.0,"Core3":0.0,"Core5":0.0,"BusStore":0.0},"executionTime":3210.0},"bus2":{"shuttlingCounting":420.0,"noOfPhonons":{"Core1":53.577009213980425,"BusDetector":0.0,"Core2":53.577009213980425,"BusStore":0.0},"executionTime":18799.699999999997}},"qft4":{"bus4":{"shuttlingCounting":2440.0,"noOfPhonons":{"Core4":53.605199467086955,"Core1":53.605199467086955,"BusDetector":0.0,"Core2":64.46607786345989,"Core3":54.159572124660656,"BusStore":0.0},"executionTime":54391.2},"comb4":{"shuttlingCounting":803,"noOfPhonons":{"Core4":1045.8899468344657,"Core1":1234.226353304532,"Core2":2010.027461177732,"Core3":1228.1362386832711},"executionTime":414037.53589743626},"single-core":{"shuttlingCounting":0.0,"noOfPhonons":{"Core4":0.0,"Core1":0.0,"Core6":0.0,"BusDetector":0.0,"Core2":0.0,"Core3":0.0,"Core5":0.0,"BusStore":0.0},"executionTime":6410.0}},"qft7":{"bus7":{"shuttlingCounting":8460.0,"noOfPhonons":{"Core4":54.15954870102443,"Core1":53.605199467086955,"Core6":54.159572124660656,"BusDetector":0.0,"Core2":64.46607786344308,"Core3":64.46607786344308,"Core7":53.605199467086955,"Core5":54.15954870104675,"BusStore":0.0},"executionTime":109350.1},"comb7":{"shuttlingCounting":2176,"noOfPhonons":{"Core4":2018.125428306399,"Core1":1880.6737807574818,"Core6":3178.008846418125,"Core2":2225.4661776551716,"Core7":1721.6637171656434,"Core3":2171.2201257955217,"Core5":2158.201923901647},"executionTime":853159.484615384},"single-core":{"shuttlingCounting":0.0,"noOfPhonons":{"Core4":0.0,"Core1":0.0,"Core6":0.0,"BusDetector":0.0,"Core2":0.0,"Core3":0.0,"Core5":0.0,"BusStore":0.0},"executionTime":11210.0}},"qft8":{"comb8":{"shuttlingCounting":3695,"noOfPhonons":{"Core4":2618.697350232579,"Core1":2911.3317741474084,"Core6":4466.902941427573,"Core2":4739.667920673035,"Core7":3712.8610130978386,"Core3":2201.411642218358,"Core8":2697.480482109912,"Core5":2951.0468760932554},"executionTime":1.3499048435897422e6},"bus8":{"shuttlingCounting":11280.0,"noOfPhonons":{"Core4":64.46607786344308,"Core1":53.605199467086955,"Core6":54.15954870104675,"BusDetector":0.0,"Core2":64.46607786344308,"Core3":64.46607786344308,"Core7":54.159572124660656,"Core8":53.605199467086955,"Core5":54.15954870102443,"BusStore":0.0},"executionTime":128086.40000000001},"single-core":{"shuttlingCounting":0.0,"noOfPhonons":{"Core4":0.0,"Core1":0.0,"Core6":0.0,"BusDetector":0.0,"Core2":0.0,"Core3":0.0,"Core5":0.0,"BusStore":0.0},"executionTime":12810.0}},"qft9":{"comb9":{"shuttlingCounting":2716,"noOfPhonons":{"Core4":2970.995833507101,"Core1":1595.161019016759,"Core6":2546.917224192514,"Core2":1212.3906449987212,"Core7":2016.9260610508804,"Core3":1594.266542364862,"Core8":2878.3171590639404,"Core9":1221.438165790392,"Core5":3206.9473500148},"executionTime":860809.92051282},"bus9":{"shuttlingCounting":14480.0,"noOfPhonons":{"Core3":64.46607786344308,"Core1":53.658394114134055,"Core8":54.159572124660656,"BusDetector":0.0,"Core2":64.46607786344308,"Core9":53.658394114134055,"Core7":54.15954870104675,"Core4":64.46607786344308,"Core6":54.15954870102443,"Core5":54.15954870102443,"BusStore":0.0},"executionTime":146965.6},"single-core":{"shuttlingCounting":0.0,"noOfPhonons":{"Core4":0.0,"Core1":0.0,"Core6":0.0,"BusDetector":0.0,"Core2":0.0,"Core3":0.0,"Core5":0.0,"BusStore":0.0},"executionTime":14410.0}},"qft10":{"comb10":{"shuttlingCounting":4687,"noOfPhonons":{"Core4":3037.13713696641,"Core1":5012.028375721457,"Core6":3357.88468858654,"Core2":3297.6136957145886,"Core7":3155.0663154642198,"Core3":2988.40044511291,"Core8":3294.2650594242173,"Core9":3263.379290315071,"Core5":3182.7376831066313,"Core10":3114.0073095878643},"executionTime":1.7702587153846142e6},"bus10":{"shuttlingCounting":18100.0,"noOfPhonons":{"Core3":64.46607786344308,"Core1":53.658394114134055,"Core8":54.15954870104675,"BusDetector":0.0,"Core2":64.46607786344308,"Core10":53.658394114134055,"Core9":54.159572124660656,"Core7":54.15954870102443,"Core4":64.46607786344308,"Core6":54.15954870102443,"Core5":64.46607786344308,"BusStore":0.0},"executionTime":166108.9},"single-core":{"shuttlingCounting":0.0,"noOfPhonons":{"Core4":0.0,"Core1":0.0,"Core6":0.0,"BusDetector":0.0,"Core2":0.0,"Core3":0.0,"Core5":0.0,"BusStore":0.0},"executionTime":16010.0}}}