{"rcs10":{"comb10":{"shuttlingCounting":207,"noOfPhonons":{"Core4":174.29869135430798,"Core1":43.08825979433544,"Core6":148.6161504655447,"Core2":108.75281084492889,"Core7":156.22327326352573,"Core3":179.10738193179424,"Core8":193.37536572412833,"Core9":93.30695325579208,"Core5":216.5630632470315,"Core10":90.78805011861076},"executionTime":55798.12564102574},"bus10":{"shuttlingCounting":178.0,"noOfPhonons":{"Core3":54.54900214881811,"Core1":51.76312384668322,"Core8":57.19998572975038,"BusDetector":0.0,"Core2":57.1180982587169,"Core10":45.322774819884636,"Core9":52.56009641429059,"Core7":58.9253376389476,"Core4":57.93241890761795,"Core6":50.07183290231741,"Core5":57.451301179595426,"BusStore":0.0},"executionTime":13046.9},"single-core":{"shuttlingCounting":0.0,"noOfPhonons":{"Core4":0.0,"Core1":0.0,"Core6":0.0,"BusDetector":0.0,"Core2":0.0,"Core3":0.0,"Core5":0.0,"BusStore":0.0},"executionTime":3625.0}},"rcs6":{"comb6":{"shuttlingCounting":95,"noOfPhonons":{"Core4":74.86101353152532,"Core1":65.68697747965433,"Core6":90.91577016546788,"Core2":94.42618065468629,"Core3":152.3387010936306,"Core5":163.97135707503548},"executionTime":33246.741025641015},"bus6":{"shuttlingCounting":95.0,"noOfPhonons":{"Core4":59.568358215366516,"Core1":42.72160923892281,"Core6":39.853824185912394,"BusDetector":0.0,"Core2":54.01350032021937,"Core3":52.61459369760897,"Core5":59.140419141790176,"BusStore":0.0},"executionTime":13154.800000000001},"single-core":{"shuttlingCounting":0.0,"noOfPhonons":{"Core4":0.0,"Core1":0.0,"Core6":0.0,"BusDetector":0.0,"Core2":0.0,"Core3":0.0,"Core5":0.0,"BusStore":0.0},"executionTime":3765.0}},"rcs3":{"comb3":{"shuttlingCounting":38,"noOfPhonons":{"Core1":58.5638302681151,"Core2":123.75778689599271,"Core3":74.55838283589217},"executionTime":27190.792307692285},"single-core":{"shuttlingCounting":0.0,"noOfPhonons":{"Core4":0.0,"Core1":0.0,"Core6":0.0,"BusDetector":0.0,"Core2":0.0,"Core3":0.0,"Core5":0.0,"BusStore":0.0},"executionTime":3550.0},"bus3":{"shuttlingCounting":44.0,"noOfPhonons":{"Core1":50.81628003901738,"BusDetector":0.0,"Core2":57.12641573263071,"Core3":41.32268970086895,"BusStore":0.0},"executionTime":11519.9}},"rcs5":{"bus5":{"shuttlingCounting":67.0,"noOfPhonons":{"Core4":53.42260746775886,"Core1":39.853824185912394,"BusDetector":0.0,"Core2":55.26281514202817,"Core3":54.33295866721166,"Core5":34.99169572321683,"BusStore":0.0},"executionTime":9351.5},"single-core":{"shuttlingCounting":0.0,"noOfPhonons":{"Core4":0.0,"Core1":0.0,"Core6":0.0,"BusDetector":0.0,"Core2":0.0,"Core3":0.0,"Core5":0.0,"BusStore":0.0},"executionTime":3635.0},"comb5":{"shuttlingCounting":83,"noOfPhonons":{"Core4":117.35824306782814,"Core1":131.76244683598492,"Core2":134.5474571393961,"Core3":93.54998671567712,"Core5":83.86186624111365},"executionTime":36024.99999999999}},"rcs8":{"comb8":{"shuttlingCounting":185,"noOfPhonons":{"Core4":178.46326674931234,"Core1":90.94377188111257,"Core6":133.40818893336032,"Core2":130.36111382320732,"Core7":189.5773503798141,"Core3":310.66652618529315,"Core8":66.41175086318346,"Core5":156.16803118471645},"executionTime":57801.07435897463},"bus8":{"shuttlingCounting":145.0,"noOfPhonons":{"Core4":62.08581160577972,"Core1":42.72160923892281,"Core6":54.98153258893443,"BusDetector":0.0,"Core2":50.570006924883664,"Core3":59.761153939180495,"Core7":58.123364928794295,"Core8":48.77819874301665,"Core5":57.163049768269275,"BusStore":0.0},"executionTime":11808.4},"single-core":{"shuttlingCounting":0.0,"noOfPhonons":{"Core4":0.0,"Core1":0.0,"Core6":0.0,"BusDetector":0.0,"Core2":0.0,"Core3":0.0,"Core5":0.0,"BusStore":0.0},"executionTime":3760.0}},"rcs2":{"comb2":{"shuttlingCounting":20,"noOfPhonons":{"Core1":72.84225267930569,"Core2":62.35774732069428},"executionTime":23537.307692307673},"single-core":{"shuttlingCounting":0.0,"noOfPhonons":{"Core4":0.0,"Core1":0.0,"Core6":0.0,"BusDetector":0.0,"Core2":0.0,"Core3":0.0,"Core5":0.0,"BusStore":0.0},"executionTime":3785.0},"bus2":{"shuttlingCounting":21.0,"noOfPhonons":{"Core1":45.322774819884636,"BusDetector":0.0,"Core2":45.322774819884636,"BusStore":0.0},"executionTime":10027.7}},"rcs4":{"bus4":{"shuttlingCounting":66.0,"noOfPhonons":{"Core4":42.72160923892281,"Core1":41.32268970086895,"BusDetector":0.0,"Core2":62.15727184386562,"Core3":61.41678401342315,"BusStore":0.0},"executionTime":13055.2},"comb4":{"shuttlingCounting":72,"noOfPhonons":{"Core4":111.7430587245113,"Core1":87.43238143498951,"Core2":143.16423683997934,"Core3":144.3803230005199},"executionTime":37551.66666666669},"single-core":{"shuttlingCounting":0.0,"noOfPhonons":{"Core4":0.0,"Core1":0.0,"Core6":0.0,"BusDetector":0.0,"Core2":0.0,"Core3":0.0,"Core5":0.0,"BusStore":0.0},"executionTime":3605.0}},"rcs7":{"bus7":{"shuttlingCounting":123.0,"noOfPhonons":{"Core4":58.07092361036569,"Core1":48.77819874301665,"Core6":56.592823159700814,"BusDetector":0.0,"Core2":56.018219745160884,"Core3":54.64593148895496,"Core7":45.322774819884636,"Core5":59.537577783646704,"BusStore":0.0},"executionTime":11270.1},"comb7":{"shuttlingCounting":133,"noOfPhonons":{"Core4":62.25766401474421,"Core1":72.48807613634145,"Core6":159.30452036437023,"Core2":152.77650373139332,"Core7":89.20495320718969,"Core3":233.01237791461483,"Core5":130.03590463134606},"executionTime":40196.76666666671},"single-core":{"shuttlingCounting":0.0,"noOfPhonons":{"Core4":0.0,"Core1":0.0,"Core6":0.0,"BusDetector":0.0,"Core2":0.0,"Core3":0.0,"Core5":0.0,"BusStore":0.0},"executionTime":3825.0}},"rcs9":{"comb9":{"shuttlingCounting":146,"noOfPhonons":{"Core4":109.05278141168348,"Core1":86.91855967065923,"Core6":150.54007064859331,"Core2":83.77368399439162,"Core7":147.3654625831131,"Core3":113.29141808404435,"Core8":122.56937154462413,"Core9":55.42127592009642,"Core5":118.02737614279437},"executionTime":37163.84615384617},"bus9":{"shuttlingCounting":150.0,"noOfPhonons":{"Core3":52.71801041060094,"Core1":29.363174261588874,"Core8":58.54663311992308,"BusDetector":0.0,"Core2":48.9470375716687,"Core9":47.68210868016748,"Core7":60.238671560031925,"Core4":56.707993735421354,"Core6":55.91108385613715,"Core5":58.58382072191806,"BusStore":0.0},"executionTime":13437.6},"single-core":{"shuttlingCounting":0.0,"noOfPhonons":{"Core4":0.0,"Core1":0.0,"Core6":0.0,"BusDetector":0.0,"Core2":0.0,"Core3":0.0,"Core5":0.0,"BusStore":0.0},"executionTime":3665.0}}}