{"bv3":{"comb3":{"shuttlingCounting":20,"noOfPhonons":{"Core1":38.52576141132097,"Core2":24.598382105988676,"Core3":74.27585648269033},"executionTime":21285.384615384603},"single-core":{"shuttlingCounting":0.0,"noOfPhonons":{"Core4":0.0,"Core1":0.0,"Core6":0.0,"BusDetector":0.0,"Core2":0.0,"Core3":0.0,"Core5":0.0,"BusStore":0.0},"executionTime":915.0},"bus3":{"shuttlingCounting":14.0,"noOfPhonons":{"Core1":20.454829959800406,"BusDetector":0.0,"Core2":20.454829959800406,"Core3":34.99169572321683,"BusStore":0.0},"executionTime":6499.900000000001}},"bv4":{"bus4":{"shuttlingCounting":24.0,"noOfPhonons":{"Core4":48.77819874301665,"Core1":22.847457104571816,"BusDetector":0.0,"Core2":29.363174261588874,"Core3":15.304700030679946,"BusStore":0.0},"executionTime":11118.2},"comb4":{"shuttlingCounting":44,"noOfPhonons":{"Core4":136.05744876695195,"Core1":56.338903354849734,"Core2":89.53510259992122,"Core3":25.908545278277106},"executionTime":43853.25384615396},"single-core":{"shuttlingCounting":0.0,"noOfPhonons":{"Core4":0.0,"Core1":0.0,"Core6":0.0,"BusDetector":0.0,"Core2":0.0,"Core3":0.0,"Core5":0.0,"BusStore":0.0},"executionTime":1475.0}},"bv6":{"comb6":{"shuttlingCounting":72,"noOfPhonons":{"Core4":85.57201185462239,"Core1":126.31464062017214,"Core6":56.445635834263655,"Core2":143.27513811246303,"Core3":57.346173675381,"Core5":42.366399903097715},"executionTime":80945.58717948693},"bus6":{"shuttlingCounting":45.0,"noOfPhonons":{"Core4":20.454829959800406,"Core1":22.847457104571816,"Core6":62.83133681962944,"BusDetector":0.0,"Core2":25.12614962340173,"Core3":29.363174261588874,"Core5":27.296332974668317,"BusStore":0.0},"executionTime":20798.8},"single-core":{"shuttlingCounting":0.0,"noOfPhonons":{"Core4":0.0,"Core1":0.0,"Core6":0.0,"BusDetector":0.0,"Core2":0.0,"Core3":0.0,"Core5":0.0,"BusStore":0.0},"executionTime":2475.0}},"bv8":{"comb8":{"shuttlingCounting":124,"noOfPhonons":{"Core4":176.24873010216726,"Core1":152.65167730368174,"Core6":58.71936770526556,"Core2":201.29258794120906,"Core7":11.557753452258096,"Core3":125.96614876892868,"Core8":64.17461001501323,"Core5":88.82912471147623},"executionTime":133612.43333333282},"bus8":{"shuttlingCounting":83.0,"noOfPhonons":{"Core4":33.20628050937766,"Core1":34.99169572321683,"Core6":29.363174261588874,"BusDetector":0.0,"Core2":34.99169572321683,"Core3":27.296332974668317,"Core7":20.454829959800406,"Core8":69.46772513265272,"Core5":34.99169572321683,"BusStore":0.0},"executionTime":38311.4},"single-core":{"shuttlingCounting":0.0,"noOfPhonons":{"Core4":0.0,"Core1":0.0,"Core6":0.0,"BusDetector":0.0,"Core2":0.0,"Core3":0.0,"Core5":0.0,"BusStore":0.0},"executionTime":4075.0}},"bv9":{"comb9":{"shuttlingCounting":171,"noOfPhonons":{"Core4":96.63133171462877,"Core1":113.69770644332174,"Core6":169.2065536795945,"Core2":121.39337229817693,"Core7":138.6217309578028,"Core3":131.01073553292468,"Core8":128.38565885122958,"Core9":306.20811021105743,"Core5":68.80480031126284},"executionTime":173496.15128205396},"bus9":{"shuttlingCounting":82.0,"noOfPhonons":{"Core3":27.296332974668317,"Core1":25.12614962340173,"Core8":29.363174261588874,"BusDetector":0.0,"Core2":29.363174261588874,"Core9":69.40611138928537,"Core7":29.363174261588874,"Core4":25.12614962340173,"Core6":36.69209116496841,"Core5":17.942571457790425,"BusStore":0.0},"executionTime":37815.6},"single-core":{"shuttlingCounting":0.0,"noOfPhonons":{"Core4":0.0,"Core1":0.0,"Core6":0.0,"BusDetector":0.0,"Core2":0.0,"Core3":0.0,"Core5":0.0,"BusStore":0.0},"executionTime":3795.0}},"bv5":{"bus5":{"shuttlingCounting":39.0,"noOfPhonons":{"Core4":29.363174261588874,"Core1":29.363174261588874,"BusDetector":0.0,"Core2":25.12614962340173,"Core3":22.847457104571816,"Core5":60.15523877443892,"BusStore":0.0},"executionTime":17972.5},"single-core":{"shuttlingCounting":0.0,"noOfPhonons":{"Core4":0.0,"Core1":0.0,"Core6":0.0,"BusDetector":0.0,"Core2":0.0,"Core3":0.0,"Core5":0.0,"BusStore":0.0},"executionTime":2195.0},"comb5":{"shuttlingCounting":86,"noOfPhonons":{"Core4":102.25991304683149,"Core1":102.17440529405391,"Core2":101.2276998129764,"Core3":85.78943269661474,"Core5":216.7085491495232},"executionTime":84861.15128205103}},"bv7":{"bus7":{"shuttlingCounting":55.0,"noOfPhonons":{"Core4":25.12614962340173,"Core1":31.331594534846545,"Core6":22.847457104571816,"BusDetector":0.0,"Core2":31.331594534846545,"Core3":20.454829959800406,"Core7":65.86932338592227,"Core5":20.454829959800406,"BusStore":0.0},"executionTime":25375.1},"comb7":{"shuttlingCounting":114,"noOfPhonons":{"Core4":95.04210945182618,"Core1":125.57432696768267,"Core6":76.04454964676272,"Core2":126.85737734158874,"Core7":239.92758123874472,"Core3":86.66543685762649,"Core5":87.32861849576804},"executionTime":114221.79230769133},"single-core":{"shuttlingCounting":0.0,"noOfPhonons":{"Core4":0.0,"Core1":0.0,"Core6":0.0,"BusDetector":0.0,"Core2":0.0,"Core3":0.0,"Core5":0.0,"BusStore":0.0},"executionTime":2835.0}},"bv10":{"comb10":{"shuttlingCounting":182,"noOfPhonons":{"Core4":91.58458946848637,"Core1":131.40396119137426,"Core6":130.85439198029653,"Core2":139.79356380405852,"Core7":129.74366583936407,"Core3":67.99454837816332,"Core8":141.1672650179486,"Core9":121.29784412699394,"Core5":134.2095506117709,"Core10":287.47061958154245},"executionTime":181506.48461538556},"bus10":{"shuttlingCounting":92.0,"noOfPhonons":{"Core3":17.942571457790425,"Core1":25.12614962340173,"Core8":31.331594534846545,"BusDetector":0.0,"Core2":33.20628050937766,"Core10":69.90566463327676,"Core9":27.296332974668317,"Core7":29.363174261588874,"Core4":22.847457104571816,"Core6":29.363174261588874,"Core5":31.331594534846545,"BusStore":0.0},"executionTime":42724.9},"single-core":{"shuttlingCounting":0.0,"noOfPhonons":{"Core4":0.0,"Core1":0.0,"Core6":0.0,"BusDetector":0.0,"Core2":0.0,"Core3":0.0,"Core5":0.0,"BusStore":0.0},"executionTime":4315.0}},"bv2":{"comb2":{"shuttlingCounting":12,"noOfPhonons":{"Core1":25.937933961925676,"Core2":55.18206603807434},"executionTime":15056.538461538457},"single-core":{"shuttlingCounting":0.0,"noOfPhonons":{"Core4":0.0,"Core1":0.0,"Core6":0.0,"BusDetector":0.0,"Core2":0.0,"Core3":0.0,"Core5":0.0,"BusStore":0.0},"executionTime":955.0},"bus2":{"shuttlingCounting":10.0,"noOfPhonons":{"Core1":27.296332974668317,"BusDetector":0.0,"Core2":27.296332974668317,"BusStore":0.0},"executionTime":4917.700000000001}}}