{"Q-bus-15":
{"4":
{"quantum-fourier-transformation-60":{"shuttlingCounting":1380.0,"noOfPhonons":{"Core4":5.015631888984309,"Core1":5.015631888984309,"Core6":0.0,"BusDetector":0.0,"Core2":13.094776938267682,"Core3":5.738552111339638,"Core5":0.0,"BusStore":0.0},"executionTime":41160.799999999996},"qaoa-60":{"shuttlingCounting":1350.0,"noOfPhonons":{"Core4":5.738294066398456,"Core1":5.738294066398456,"Core6":0.0,"BusDetector":0.0,"Core2":5.738294082147968,"Core3":5.73881015628125,"Core5":0.0,"BusStore":0.0},"executionTime":41081.799999999996},"bernstein-vazirani-60":{"shuttlingCounting":23.0,"noOfPhonons":{"Core4":13.611110322420119,"Core1":6.397586411237716,"Core6":0.0,"BusDetector":0.0,"Core2":4.854142761230468,"Core3":8.946402161696005,"Core5":0.0,"BusStore":0.0},"executionTime":10635.800000000001}},

"1":{"quantum-fourier-transformation-60":{"shuttlingCounting":1380.0,"noOfPhonons":{"Core4":3.9691470331992282,"Core1":3.9691470331992282,"Core6":0.0,"BusDetector":0.0,"Core2":13.094776938267682,"Core3":5.738552111339638,"Core5":0.0,"BusStore":0.0},"executionTime":128286.8},"qaoa-60":{"shuttlingCounting":1350.0,"noOfPhonons":{"Core4":5.738294066398456,"Core1":5.738294066398456,"Core6":0.0,"BusDetector":0.0,"Core2":5.738294082147968,"Core3":5.73881015628125,"Core5":0.0,"BusStore":0.0},"executionTime":127675.8},"bernstein-vazirani-60":{"shuttlingCounting":23.0,"noOfPhonons":{"Core4":13.611110322420119,"Core1":6.397586411237716,"Core6":0.0,"BusDetector":0.0,"Core2":4.854142761230468,"Core3":8.946402161696005,"Core5":0.0,"BusStore":0.0},"executionTime":33129.799999999996}},

"2":{"quantum-fourier-transformation-60":{"shuttlingCounting":1380.0,"noOfPhonons":{"Core4":4.783017153234564,"Core1":4.783017153234564,"Core6":0.0,"BusDetector":0.0,"Core2":13.094776938267682,"Core3":5.738552111339638,"Core5":0.0,"BusStore":0.0},"executionTime":98953.8},"qaoa-60":{"shuttlingCounting":1350.0,"noOfPhonons":{"Core4":5.738294066398456,"Core1":5.738294066398456,"Core6":0.0,"BusDetector":0.0,"Core2":5.738294082147968,"Core3":5.73881015628125,"Core5":0.0,"BusStore":0.0},"executionTime":98137.8},"bernstein-vazirani-60":{"shuttlingCounting":23.0,"noOfPhonons":{"Core4":13.611110322420119,"Core1":6.397586411237716,"Core6":0.0,"BusDetector":0.0,"Core2":4.854142761230468,"Core3":8.946402161696005,"Core5":0.0,"BusStore":0.0},"executionTime":25355.8}},

"3":{"quantum-fourier-transformation-60":{"shuttlingCounting":1380.0,"noOfPhonons":{"Core4":4.447452708213596,"Core1":4.447452708213596,"Core6":0.0,"BusDetector":0.0,"Core2":13.094776938267682,"Core3":5.738552111339638,"Core5":0.0,"BusStore":0.0},"executionTime":71471.8},"qaoa-60":{"shuttlingCounting":1350.0,"noOfPhonons":{"Core4":5.738294066398456,"Core1":5.738294066398456,"Core6":0.0,"BusDetector":0.0,"Core2":5.738294082147968,"Core3":5.73881015628125,"Core5":0.0,"BusStore":0.0},"executionTime":71108.8},"bernstein-vazirani-60":{"shuttlingCounting":23.0,"noOfPhonons":{"Core4":13.611110322420119,"Core1":6.397586411237716,"Core6":0.0,"BusDetector":0.0,"Core2":4.854142761230468,"Core3":8.946402161696005,"Core5":0.0,"BusStore":0.0},"executionTime":18409.8}}},

"Q-bus-30":
{"4":
{"quantum-fourier-transformation-60":{"shuttlingCounting":930.0,"noOfPhonons":{"Core4":0.0,"Core1":7.950479869930607,"Core6":0.0,"BusDetector":0.0,"Core2":7.950479869930607,"Core3":0.0,"Core5":0.0,"BusStore":0.0},"executionTime":29081.8},"qaoa-60":{"shuttlingCounting":900.0,"noOfPhonons":{"Core4":0.0,"Core1":7.9399070328321155,"Core6":0.0,"BusDetector":0.0,"Core2":7.9399070328321155,"Core3":0.0,"Core5":0.0,"BusStore":0.0},"executionTime":29005.8},"bernstein-vazirani-60":{"shuttlingCounting":12.0,"noOfPhonons":{"Core4":0.0,"Core1":11.092517009836358,"Core6":0.0,"BusDetector":0.0,"Core2":11.092517009836358,"Core3":0.0,"Core5":0.0,"BusStore":0.0},"executionTime":6153.8}},

"1":{"quantum-fourier-transformation-60":{"shuttlingCounting":930.0,"noOfPhonons":{"Core4":0.0,"Core1":5.403273789979666,"Core6":0.0,"BusDetector":0.0,"Core2":5.403273789979666,"Core3":0.0,"Core5":0.0,"BusStore":0.0},"executionTime":86949.8},"qaoa-60":{"shuttlingCounting":900.0,"noOfPhonons":{"Core4":0.0,"Core1":7.9399070328321155,"Core6":0.0,"BusDetector":0.0,"Core2":7.9399070328321155,"Core3":0.0,"Core5":0.0,"BusStore":0.0},"executionTime":86301.8},"bernstein-vazirani-60":{"shuttlingCounting":12.0,"noOfPhonons":{"Core4":0.0,"Core1":11.092517009836358,"Core6":0.0,"BusDetector":0.0,"Core2":11.092517009836358,"Core3":0.0,"Core5":0.0,"BusStore":0.0},"executionTime":17890.8}},

"2":{"quantum-fourier-transformation-60":{"shuttlingCounting":930.0,"noOfPhonons":{"Core4":0.0,"Core1":6.2153739811401625,"Core6":0.0,"BusDetector":0.0,"Core2":6.2153739811401625,"Core3":0.0,"Core5":0.0,"BusStore":0.0},"executionTime":67418.8},"qaoa-60":{"shuttlingCounting":900.0,"noOfPhonons":{"Core4":0.0,"Core1":7.9399070328321155,"Core6":0.0,"BusDetector":0.0,"Core2":7.9399070328321155,"Core3":0.0,"Core5":0.0,"BusStore":0.0},"executionTime":66734.79999999999},"bernstein-vazirani-60":{"shuttlingCounting":12.0,"noOfPhonons":{"Core4":0.0,"Core1":11.092517009836358,"Core6":0.0,"BusDetector":0.0,"Core2":11.092517009836358,"Core3":0.0,"Core5":0.0,"BusStore":0.0},"executionTime":13834.800000000001}},

"3":{"quantum-fourier-transformation-60":{"shuttlingCounting":930.0,"noOfPhonons":{"Core4":0.0,"Core1":6.886406480869528,"Core6":0.0,"BusDetector":0.0,"Core2":6.886406480869528,"Core3":0.0,"Core5":0.0,"BusStore":0.0},"executionTime":49480.799999999996},"qaoa-60":{"shuttlingCounting":900.0,"noOfPhonons":{"Core4":0.0,"Core1":7.9399070328321155,"Core6":0.0,"BusDetector":0.0,"Core2":7.9399070328321155,"Core3":0.0,"Core5":0.0,"BusStore":0.0},"executionTime":49006.799999999996},"bernstein-vazirani-60":{"shuttlingCounting":12.0,"noOfPhonons":{"Core4":0.0,"Core1":11.092517009836358,"Core6":0.0,"BusDetector":0.0,"Core2":11.092517009836358,"Core3":0.0,"Core5":0.0,"BusStore":0.0},"executionTime":10209.800000000001}}},





"Q-bus-10":
{"4":{"quantum-fourier-transformation-60":{"shuttlingCounting":1530.0,"noOfPhonons":{"Core4":4.768469107233027,"Core1":3.9526514319427997,"Core6":3.9526514319427997,"BusDetector":0.0,"Core2":9.273376157847379,"Core3":9.273376160394118,"Core5":4.771932332283328,"BusStore":0.0},"executionTime":45187.799999999996},"qaoa-60":{"shuttlingCounting":1500.0,"noOfPhonons":{"Core4":4.768472492594759,"Core1":4.7684657218713,"Core6":4.7684657218713,"BusDetector":0.0,"Core2":4.768465721877753,"Core3":4.768465728483331,"Core5":4.775398942695361,"BusStore":0.0},"executionTime":45106.799999999996},"bernstein-vazirani-60":{"shuttlingCounting":24.0,"noOfPhonons":{"Core4":5.269865446349293,"Core1":3.8355371900826447,"Core6":10.871540264263276,"BusDetector":0.0,"Core2":4.586851990984223,"Core3":3.0090909090909093,"Core5":5.269865446349293,"BusStore":0.0},"executionTime":11042.800000000001}},

"1":{"quantum-fourier-transformation-60":{"shuttlingCounting":1530.0,"noOfPhonons":{"Core4":4.768469107233027,"Core1":3.48423286093565,"Core6":3.48423286093565,"BusDetector":0.0,"Core2":9.273376157847379,"Core3":9.273376160394118,"Core5":4.771932332283328,"BusStore":0.0},"executionTime":142540.80000000002},"qaoa-60":{"shuttlingCounting":1500.0,"noOfPhonons":{"Core4":4.768472492594759,"Core1":4.7684657218713,"Core6":4.7684657218713,"BusDetector":0.0,"Core2":4.768465721877753,"Core3":4.768465728483331,"Core5":4.775398942695361,"BusStore":0.0},"executionTime":141704.80000000002},"bernstein-vazirani-60":{"shuttlingCounting":24.0,"noOfPhonons":{"Core4":5.269865446349293,"Core1":3.8355371900826447,"Core6":10.871540264263276,"BusDetector":0.0,"Core2":4.586851990984223,"Core3":3.0090909090909093,"Core5":5.269865446349293,"BusStore":0.0},"executionTime":34514.799999999996}},

"2":{"quantum-fourier-transformation-60":{"shuttlingCounting":1530.0,"noOfPhonons":{"Core4":4.768469107233027,"Core1":3.48423286093565,"Core6":3.48423286093565,"BusDetector":0.0,"Core2":9.273376157847379,"Core3":9.273376160394118,"Core5":4.771932332283328,"BusStore":0.0},