{
    "QCCD-Grid-30":{
        "bernstein-vazirani-60":{
            "shuttlingCounting": 12,
            "noOfPhonons":{"Core4":0.0,"Core1":18.795645898066795,"Core6":0.0,"Core2":55.604354101933204,"Core3":0.0,"Core5":0.0},
            "executionTime": 3945.7692307692305
        },
        "quantum-fourier-transformation-60":{
            "shuttlingCounting": 30,
            "noOfPhonons":{"Core4":0.0,"Core1":2.0,"Core6":0.0,"Core2":183.99999999999997,"Core3":0.0,"Core5":0.0},
            "executionTime": 13208.974358974367
        },
        "qaoa-60":{
            "shuttlingCounting": 30,
            "noOfPhonons":{"Core4":0.0,"Core1":2.0,"Core6":0.0,"Core2":183.99999999999997,"Core3":0.0,"Core5":0.0},
            "executionTime": 12486.538461538468
        }
    },
    "QCCD-Grid-20":{
        "bernstein-vazirani-60":{
            "shuttlingCounting": 18,
            "noOfPhonons":{"Core4":0.0,"Core1":13.612970869859415,"Core6":0.0,"Core2":13.612970869859415,"Core3":94.45405826028119,"Core5":0.0},
            "executionTime": 20807.307692307677
        },
        "quantum-fourier-transformation-60":{
            "shuttlingCounting": 60,
            "noOfPhonons":{"Core4":0.0,"Core1":2.0,"Core6":0.0,"Core2":2.0,"Core3":390.3999999999999,"Core5":0.0},
            "executionTime": 51069.74102564119
        },
        "qaoa-60":{
            "shuttlingCounting": 60,
            "noOfPhonons":{"Core4":0.0,"Core1":2.0,"Core6":0.0,"Core2":2.0,"Core3":390.3999999999999,"Core5":0.0},
            "executionTime": 50634.612820512986
        }
    },
    "QCCD-Grid-15":{
        "bernstein-vazirani-60":{
            "shuttlingCounting": 23,
            "noOfPhonons":{"Core4":118.98300366300367,"Core1":10.539282939282938,"Core6":0.0,"Core2":8.451881451881452,"Core3":11.345831945831945,"Core5":0.0},
            "executionTime": 16374.743589743577
        },
        "quantum-fourier-transformation-60":{
            "shuttlingCounting": 90,
            "noOfPhonons":{"Core4":568.8,"Core1":2.0,"Core6":0.0,"Core2":2.0,"Core3":2.0,"Core5":0.0},
            "executionTime": 47808.56153846163
        },
        "qaoa-60":{
            "shuttlingCounting": 90,
            "noOfPhonons":{"Core4":568.8,"Core1":2.0,"Core6":0.0,"Core2":2.0,"Core3":2.0,"Core5":0.0},
            "executionTime": 47443.56153846163
        }
    },
    "QCCD-Grid-10":{
        "bernstein-vazirani-60":{
            "shuttlingCounting": 24,
            "noOfPhonons":{"Core4":7.965079365079364,"Core1":6.5476190476190474,"Core6":125.44031746031746,"Core2":7.456349206349206,"Core3":5.305555555555555,"Core5":7.965079365079364},
            "executionTime": 21805.769230769212
        },
        "quantum-fourier-transformation-60":{
            "shuttlingCounting": 150,
            "noOfPhonons":{"Core4":2.0,"Core1":2.0,"Core6":953.6,"Core2":2.0,"Core3":2.0,"Core5":2.0},
            "executionTime": 81978.74102564095
        },
        "qaoa-60":{
            "shuttlingCounting": 150,
            "noOfPhonons":{"Core4":2.0,"Core1":2.0,"Core6":953.6,"Core2":2.0,"Core3":2.0,"Core5":2.0},
            "executionTime": 81501.30512820504
        }
    }
}